Feature,Importance
trip_distance_km,0.768679283357625
dropoff_longitude,0.05851621296112353
dropoff_latitude,0.037102015318395916
pickup_longitude,0.03483231827539521
pickup_year,0.02751318526748025
pickup_latitude,0.02714706312681999
pickup_hour,0.017422913427157283
pickup_month,0.012456973106668948
day_of_week,0.008768408301894324
passenger_count,0.0041100464423481815
is_peak_hour,0.0017483560461300852
is_weekend,0.0017032243689612593
