Model,MAE,RMSE,R²
Baseline Random Forest,1.8131401668927734,3.6849604089911243,0.8542441812682562
Optimized Random Forest,1.7779805640530537,3.7082206657187995,0.8523982900832763
